Caldwell,KY,10,R
Licking,OH,121,R
Franklin,LA,11,R
Sioux,IA,23,R
Kingfisher,OK,7,R
Keokuk,IA,4,R
Hill,MT,14,R
Gallatin,KY,3,R
Smith,MS,6,R
Napa,CA,79,D
Sauk,WI,54,R
Pike,IL,5,R
Coos,NH,24,R
Schoharie,NY,12,R
Decatur,IN,22,R
Caroline,VA,8,R
Sandusky,OH,36,R
Lewis,KY,5,R
Forsyth,GA,130,R
Somerset,NJ,263,D
Blaine,OK,2,R
Meigs,OH,16,R
Laclede,MO,23,R
Harlan,KY,18,R
Perkins,SD,0,R
Hall,TX,4,R
Garfield,NE,1,R
Sanpete,UT,15,R
Iowa,IA,7,R
Whiteside,IL,30,R
Ripley,IN,15,R
Muhlenberg,KY,21,R
Valley,MT,12,R
Wichita,KS,1,R
Glasscock,TX,1,R
Stephens,GA,15,R
Cherokee,NC,22,R
Douglas,KS,99,D
Polk,GA,29,R
Payette,ID,12,R
Robertson,KY,0,R
Scott,TN,13,R
Crenshaw,AL,5,R
Merrick,NE,4,R
Union,FL,3,R
Tishomingo,MS,11,R
Wheeler,OR,0,R
Charlotte,VA,3,R
Franklin,VT,23,D
Latimer,OK,2,R
Bent,CO,1,R
Wheeler,GA,1,R
Hardin,IA,6,R
Milam,TX,13,R
Garfield,OK,43,R
Ziebach,SD,1,R
Whitley,KY,28,R
Chautauqua,NY,97,R
Moniteau,MO,8,R
Rawlins,KS,0,R
Owen,KY,5,R
Lake,SD,5,R
Pottawattamie,IA,70,R
Franklin,AL,18,R
McLean,IL,127,R
Jackson,MI,85,R
Wyoming,PA,10,R
Pittsylvania,VA,15,R
Wibaux,MT,1,R
Lubbock,TX,266,R
Logan,OK,15,R
Navajo,AZ,54,R
Union,KY,6,R
Hudspeth,TX,0,R
Grundy,TN,5,R
Wayne,OH,71,R
Billings,ND,0,R
Lincoln,SD,16,R
Fremont,WY,20,R
Clay,TN,4,R
Wright,IA,8,R
White,GA,22,R
Burleigh,ND,57,R
Fredericksburg,VA,41,D
Mountrail,ND,6,R
Cabell,WV,110,R
Franklin,NE,0,R
Garfield,CO,46,R
Gilchrist,FL,6,R
Union,GA,18,R
Wilkin,MN,2,R
Lassen,CA,13,R
Lauderdale,MS,66,R
Zavala,TX,3,D
Edwards,IL,5,R
Drew,AR,15,R
Kershaw,SC,41,R
Oconee,SC,43,R
Lincoln,MN,0,R
Hampshire,WV,7,R
Northumberland,PA,51,R
Emanuel,GA,12,R
Lafayette,WI,5,R
Lanier,GA,4,R
Lake,MN,8,R
Dickenson,VA,4,R
Douglas,SD,0,R
Cass,TX,17,R
Ochiltree,TX,4,R
Floyd,IN,67,R
Ottawa,KS,1,R
Isanti,MN,16,R
Liberty,TX,40,R
Surry,VA,1,D
Montgomery,IA,6,R
Brown,IL,3,R
Clay,WV,1,R
Jefferson,OR,11,R
Franklin,KY,47,R
Richland,ND,11,R
Lincoln,KS,0,R
Franklin,OH,1107,D
Costilla,CO,0,D
Wood,OH,117,R
Dawes,NE,8,R
Kiowa,CO,0,R
Mecklenburg,VA,25,R
Mitchell,GA,15,R
Howard,IN,77,R
Kalkaska,MI,8,R
Nelson,VA,6,R
McMinn,TN,34,R
Bibb,AL,5,R
Choctaw,AL,6,R
Power,ID,2,R
Cannon,TN,7,R
Nelson,KY,24,R
Moore,TN,2,R
Decatur,KS,1,R
Middlesex,CT,106,D
Union,OR,18,R
Cass,MN,10,R
Lyon,IA,5,R
Henry,IN,25,R
Winkler,TX,3,R
Rock,WI,104,D
Mississippi,MO,6,R
Kenosha,WI,110,R
Perry,MS,3,R
Emmet,MI,28,R
Garrard,KY,3,R
Nantucket,MA,17,D
Westmoreland,VA,4,R
Jefferson,KS,4,R
Howard,MO,2,R
Laurel,KY,39,R
Gibson,IN,20,R
Sioux,NE,0,R
Hamilton,NE,4,R
Fayette,OH,32,R
Delta,TX,1,R
Charlottesville,VA,66,D
Jefferson,OH,47,R
Portage,WI,45,D
Ritchie,WV,7,R
Quitman,MS,4,D
Anderson,TX,24,R
Lee,GA,13,R
Sherman,KS,9,R
Lea,NM,44,R
Caldwell,MO,2,R
Suffolk,VA,59,D
Kalamazoo,MI,201,D
Washington,TN,102,R
Pulaski,IN,9,R
Goodhue,MN,30,R
Okfuskee,OK,2,R
Boyle,KY,23,R
Boyd,NE,0,R
Hopkins,TX,14,R
Manassas,VA,50,D
Hickory,MO,1,R
Washington,GA,12,D
Hutchinson,SD,2,R
Crockett,TX,5,R
Madison,VA,5,R
Simpson,KY,18,R
Stanley,SD,3,R
Trousdale,TN,4,R
Gilpin,CO,0,D
Missoula,MT,84,D
Williamsburg,SC,10,D
Terrebonne,LA,82,R
Socorro,NM,11,D
Marion,FL,162,R
Valley,ID,8,R
Wallace,KS,0,R
Carlton,MN,12,D
Craighead,AR,76,R
Clinton,KY,6,R
Howard,NE,2,R
Anderson,KS,4,R
Wood,WV,81,R
Lafayette,AR,3,R
Early,GA,5,R
Texas,MO,11,R
Castro,TX,6,R
Schley,GA,2,R
Wheeler,TX,4,R
Yuma,AZ,117,R
Warren,NJ,75,R
Lincoln,KY,9,R
Dorchester,SC,75,R
Green,KY,7,R
Fannin,GA,20,R
Adams,NE,34,R
Androscoggin,ME,76,R
Coos,OR,42,R
Addison,VT,17,D
Elmore,AL,45,R
Sussex,DE,142,R
Edwards,TX,1,R
Guthrie,IA,5,R
Seneca,OH,28,R
Muskingum,OH,64,R
Clark,OH,125,R
Rhea,TN,20,R
Montague,TX,12,R
Grant,KY,15,R
Walworth,WI,70,R
Allegany,NY,18,R
Stewart,GA,0,D
Erie,OH,78,R
Runnels,TX,5,R
Grant,NE,0,R
Marion,KS,4,R
Chatham,GA,289,D
Wayne,IN,43,R
Peoria,IL,135,D
Broome,NY,155,R
Irwin,GA,4,R
Venango,PA,24,R
Clark,SD,0,R
Marion,IL,24,R
Phelps,MO,32,R
Clay,MO,154,R
Love,OK,5,R
Glascock,GA,0,R
Hood,TX,42,R
Branch,MI,23,R
Catoosa,GA,46,R
Nassau,NY,1290,D
Leslie,KY,2,R
Luna,NM,19,R
Allen,LA,10,R
Alameda,CA,1236,D
Dolores,CO,0,R
Kearney,NE,3,R
Woodruff,AR,4,R
Bradley,AR,6,R
Clearfield,PA,53,R
Buckingham,VA,2,R
Liberty,MT,0,R
Jefferson,MO,122,R
Lake,MN,8,D
Berks,PA,269,R
Anderson,TN,64,R
Mineral,MT,1,R
Morgan,MO,8,R
Escambia,FL,188,R
Davis,UT,210,R
Clarke,MS,4,R
Marion,OR,225,R
Richland,WI,8,R
Stanton,NE,1,R
Williamson,TX,321,R
Logan,AR,13,R
Uintah,UT,20,R
Gosper,NE,1,R
Waupaca,WI,37,R
Roane,WV,5,R
DeKalb,AL,43,R
Washington,IN,10,R
Hopkins,KY,29,R
Daniels,MT,2,R
Union,AR,27,R
McPherson,NE,0,R
Fremont,CO,15,R
Washington,AL,3,R
Dewey,OK,0,R
Fremont,ID,5,R
Montgomery,MS,6,R
Noxubee,MS,3,D
Cherokee,OK,26,R
Sherman,NE,0,R
Pulaski,AR,344,D
Jackson,KY,4,R
Lackawanna,PA,145,D
Apache,AZ,16,D
Boone,IA,8,R
Grant,WA,57,R
Sevier,AR,7,R
Greene,MO,266,R
Broadwater,MT,1,R
Daggett,UT,0,R
Issaquena,MS,0,D
Nowata,OK,2,R
Franklin,NY,23,R
Wyandot,OH,15,R
Crane,TX,3,R
Monroe,NY,550,D
Columbia,GA,72,R
Brown,NE,0,R
Cherokee,TX,26,R
Sibley,MN,4,R
Grant,SD,7,R
DuPage,IL,843,D
Page,VA,17,R
Union,NM,3,R
Columbia,WI,33,R
Sumter,SC,58,D
Harrison,WV,54,R
Anderson,KY,19,R
Madison,IL,187,R
Frontier,NE,0,R
Beaufort,NC,33,R
Burke,GA,8,D
Sangamon,IL,154,R
Glacier,MT,9,D
Kewaunee,WI,8,R
Story,IA,66,D
Franklin,TX,5,R
Houston,TN,6,R
Logan,KS,1,R
Garden,NE,0,R
Crawford,PA,47,R
Carroll,TN,12,R
Pettis,MO,28,R
Crawford,MO,10,R
Tioga,PA,19,R
Rains,TX,7,R
Johnson,TN,6,R
Metcalfe,KY,2,R
Essex,VA,10,R
Butler,KS,51,R
Marengo,AL,19,D
Dearborn,IN,25,R
Pipestone,MN,7,R
Ralls,MO,1,R
Pickens,SC,91,R
Carson,TX,4,R
Montgomery,VA,63,D
Converse,WY,8,R
Randolph,NC,78,R
Cook,GA,13,R
Pierce,NE,4,R
Tama,IA,6,R
Kerr,TX,39,R
Butler,KY,6,R
Spink,SD,3,R
Columbia,PA,54,R
Orange,VA,26,R
Polk,WI,25,R
Shoshone,ID,8,R
Bryan,OK,30,R
Wyoming,WV,6,R
Boulder,CO,258,D
Lincoln,NC,55,R
Berrien,GA,9,R
Hamilton,IA,4,R
Unicoi,TN,10,R
Bonneville,ID,73,R
Mercer,ND,5,R
Bernalillo,NM,558,D
Mason,IL,7,R
Washington,OR,369,D
Strafford,NH,87,D
Oneida,ID,5,R
Indiana,PA,50,R
Pleasants,WV,5,R
Franklin,IL,22,R
Clark,WA,243,D
Portage,OH,124,R
Johnson,IA,106,D
Itawamba,MS,12,R
Crawford,IL,12,R
Alpine,CA,2,D
Tift,GA,39,R
Montgomery,MD,794,D
Mitchell,NC,8,R
Lowndes,MS,40,R
Orange,NC,104,D
Seward,NE,10,R
Brown,SD,28,R
Jerauld,SD,0,R
Renville,MN,6,R
Lee,AR,3,D
Lake,IL,545,D
Sabine,TX,3,R
Glenn,CA,14,R
Irion,TX,1,R
Citrus,FL,47,R
Burt,NE,2,R
McCormick,SC,3,R
Chesterfield,SC,19,R
Newport,RI,74,D
Loudon,TN,38,R
Wetzel,WV,15,R
Madison,NE,32,R
Sumner,KS,11,R
Franklin,ID,7,R
Rockbridge,VA,9,R
Stark,IL,0,R
Washington,VT,33,D
Rutland,VT,44,D
Clinch,GA,5,R
Trimble,KY,2,R
Hancock,IN,45,R
Pennington,SD,88,R
Lincoln,NM,20,R
Hardin,TN,12,R
Hartley,TX,0,R
Tunica,MS,10,D
Petroleum,MT,0,R
Muskogee,OK,55,R
Jefferson,MT,3,R
Boyd,KY,61,R
Nicholas,KY,0,R
Brewster,TX,7,R
Merrimack,NH,107,D
Spencer,IN,10,R
Gates,NC,0,R
Lemhi,ID,3,R
Pierce,GA,13,R
Barber,KS,4,R
Webster,LA,32,R
Pennington,MN,6,R
Montgomery,NY,37,R
White,IN,18,R
Hendricks,IN,120,R
Northumberland,VA,3,R
Sullivan,NH,18,R
Winnebago,IA,4,R
Henry,OH,19,R
Larimer,CO,252,D
Union,MS,15,R
Hancock,ME,46,D
Winnebago,IL,202,R
Calhoun,GA,1,D
Tooele,UT,29,R
Lenoir,NC,52,R
Preble,OH,22,R
Warren,NY,71,R
Ashland,WI,12,D
Lafayette,MO,18,R
Eureka,NV,2,R
Morgan,TN,4,R
Caribou,ID,2,R
Martin,KY,8,R
Hardin,KY,66,R
Marion,TN,22,R
Doddridge,WV,0,R
Bennett,SD,1,R
Winston,AL,10,R
Rice,MN,35,R
Wood,WI,41,R
Lee,FL,355,R
Cocke,TN,16,R
Cleveland,NC,60,R
Holmes,FL,4,R
Miner,SD,4,R
DeWitt,TX,16,R
Greenup,KY,21,R
Morrow,OH,14,R
Heard,GA,4,R
Tensas,LA,0,D
Henry,VA,31,R
Bell,KY,24,R
Dorchester,MD,19,R
Miami-Dade,FL,1640,D
Emmet,IA,6,R
Lee,KY,4,R
Boone,IL,26,R
Worth,IA,3,R
Smith,KS,3,R
Gallia,OH,31,R
Vernon,WI,11,R
Murray,GA,25,R
Nance,NE,2,R
Tallahatchie,MS,6,D
Bullock,AL,3,D
Jenkins,GA,6,R
Clinton,NY,44,D
Chambers,TX,25,R
Tippecanoe,IN,137,R
Pender,NC,34,R
Clinton,IA,25,R
Brown,MN,18,R
Kendall,TX,27,R
Orleans,LA,303,D
Ulster,NY,155,D
Daviess,KY,77,R
Wood,TX,15,R
Mason,WA,24,R
Warren,MS,36,R
Stutsman,ND,19,R
Montgomery,KS,28,R
Maury,TN,71,R
Liberty,GA,43,D
Madison,AL,330,R
Cherokee,GA,148,R
Macon,NC,31,R
Jessamine,KY,35,R
Kent,MD,14,R
Custer,OK,25,R
Yakima,WA,137,R
Greene,PA,26,R
Coahoma,MS,17,D
Jefferson,NE,4,R
Charleston,SC,334,D
Roscommon,MI,17,R
Baltimore,MD,670,D
Multnomah,OR,667,D
Union,OH,27,R
Seminole,GA,4,R
Queens,NY,1960,D
Ashtabula,OH,86,R
Okanogan,WA,19,R
Washakie,WY,6,R
Cleveland,AR,1,R
Grand,UT,9,R
Wadena,MN,13,R
Lewis,NY,13,R
Benton,TN,8,R
Wabash,IN,26,R
Independence,AR,21,R
Callahan,TX,9,R
Stephenson,IL,27,R
Knott,KY,5,R
Calhoun,MI,92,R
Otero,NM,33,R
Harrison,OH,7,R
Hartford,CT,599,D
Tate,MS,19,R
Gallatin,MT,97,D
Granville,NC,31,R
Marion,MS,21,R
Coosa,AL,1,R
Tyler,WV,3,R
Brunswick,NC,90,R
Webster,MS,6,R
Henderson,IL,2,R
Calhoun,AR,2,R
Henderson,KY,35,R
Thomas,KS,6,R
Tipton,IN,10,R
Cumberland,KY,4,R
Spartanburg,SC,209,R
Schuyler,MO,0,R
Richland,LA,8,R
Eagle,CO,46,D
Bossier,LA,109,R
Gentry,MO,3,R
Honolulu,HI,917,D
Wright,MN,64,R
Webster,GA,0,R
Cambria,PA,102,R
Mifflin,PA,27,R
Charlton,GA,6,R
Lincoln,LA,40,R
Jackson,MS,83,R
Barren,KY,37,R
Mitchell,KS,4,R
Carroll,GA,81,R
Boone,IN,38,R
Randolph,GA,4,D
Troup,GA,53,R
Kittson,MN,0,R
Powell,MT,3,R
Matagorda,TX,23,R
Scioto,OH,58,R
Deschutes,OR,134,R
Huerfano,CO,4,R
Tuscola,MI,18,R
Stark,ND,21,R
Coffee,AL,34,R
Cheyenne,NE,5,R
Jefferson,FL,6,R
Jack,TX,6,R
DeKalb,IL,75,D
Sonoma,CA,295,D
Clark,WI,11,R
Houston,MN,3,R
Hocking,OH,19,R
Aransas,TX,17,R
Clay,IN,14,R
Wilkes,NC,35,R
Lee,IA,19,R
Washington,NE,9,R
Orange,VT,9,D
Ashe,NC,18,R
Randall,TX,79,R
Ventura,CA,604,D
Madison,LA,7,D
Clallam,WA,39,R
Arkansas,AR,11,R
Marion,KY,14,R
Moody,SD,1,R
Bond,IL,7,R
Bay,FL,136,R
Orange,IN,14,R
Hidalgo,NM,3,R
Fayette,GA,95,R
Effingham,GA,24,R
White,IL,8,R
Douglas,MO,4,R
Limestone,TX,11,R
Leon,FL,254,D
Yazoo,MS,10,D
Webb,TX,176,D
Utah,UT,351,R
Gibson,TN,27,R
Wyandotte,KS,104,D
Pickens,GA,14,R
Bibb,GA,173,D
Butler,NE,1,R
Columbus,NC,49,R
Caddo,LA,208,D
Henry,IA,9,R
Madison,IN,77,R
Levy,FL,17,R
Lycoming,PA,74,R
Dodge,MN,9,R
Noble,OH,8,R
Amherst,VA,16,R
Saline,MO,12,R
Storey,NV,0,R
Morton,KS,3,R
Towner,ND,1,R
Keith,NE,8,R
Delta,CO,16,R
Frio,TX,14,D
Shelby,IA,6,R
Rensselaer,NY,99,R
Columbia,WA,2,R
Price,WI,5,R
Chisago,MN,26,R
Kootenai,ID,99,R
Windsor,VT,32,D
Boone,NE,1,R
Gulf,FL,7,R
Klickitat,WA,9,R
Evans,GA,5,R
Cabarrus,NC,145,R
Hill,TX,21,R
Mercer,PA,72,R
Taylor,FL,10,R
Kanawha,WV,190,R
Roseau,MN,8,R
Bennington,VT,30,D
Valencia,NM,48,R
Hancock,OH,62,R
Wayne,WV,17,R
Sumter,AL,7,D
Stanly,NC,44,R
Franklin,PA,99,R
McCreary,KY,6,R
Briscoe,TX,0,R
Crawford,MI,10,R
Guilford,NC,424,D
Montgomery,MO,5,R
Gladwin,MI,9,R
Ray,MO,7,R
Greensville,VA,4,D
Lyon,MN,24,R
Clinton,MI,37,R
Johnson,TX,104,R
Pickett,TN,4,R
Dallas,MO,9,R
Yancey,NC,7,R
Genesee,MI,295,D
Clarke,IA,4,R
Cameron,TX,240,D
Pasquotank,NC,31,D
Jones,TX,8,R
Redwood,MN,7,R
Snohomish,WA,533,D
Sevier,UT,16,R
Calhoun,IA,4,R
Westchester,NY,768,D
Cowlitz,WA,61,R
Goshen,WY,11,R
Phillips,KS,5,R
Monroe,MO,3,R
Tangipahoa,LA,85,R
Clinton,OH,31,R
Carter,MT,0,R
Guadalupe,NM,1,D
Beckham,OK,15,R
Crawford,IA,9,R
Buffalo,WI,3,R
Scott,MN,77,R
Copiah,MS,17,D
Clay,NE,1,R
Pitt,NC,160,D
Osborne,KS,1,R
Wayne,GA,21,R
Cook,MN,4,D
Mercer,NJ,280,D
Cheboygan,MI,12,R
Osage,MO,4,R
Baldwin,AL,132,R
Jefferson,AL,642,D
Nemaha,KS,3,R
Adams,CO,316,D
Lamoille,VT,18,D
Shelby,OH,30,R
Perry,IL,10,R
Sullivan,IN,11,R
Lake,CO,5,D
Jackson,OH,24,R
Wilson,NC,54,D
Waldo,ME,20,D
Humboldt,IA,4,R
Lake,OR,6,R
Orange,CA,2790,D
Jackson,TX,10,R
Stanton,KS,1,R
Lawrence,MO,17,R
Baldwin,GA,40,D
Walker,AL,41,R
Rush,IN,10,R
Rogers,OK,34,R
Jackson,GA,34,R
Frederick,VA,47,R
Montgomery,AR,4,R
Gilliam,OR,2,R
Throckmorton,TX,0,R
Broward,FL,1286,D
Calhoun,WV,1,R
Claiborne,TN,14,R
Butler,IA,1,R
Eastland,TX,17,R
Shelby,IN,23,R
Williams,OH,27,R
Crawford,AR,28,R
Madison,NC,6,R
Delaware,NY,26,R
Bexar,TX,1300,D
Greene,IA,8,R
Adams,ND,0,R
Pinal,AZ,115,R
Camp,TX,7,R
Mendocino,CA,52,D
Piscataquis,ME,7,R
Decatur,GA,21,R
Garrett,MD,25,R
Fulton,IN,13,R
Brazoria,TX,195,R
Dubois,IN,39,R
Stafford,VA,76,R
Kandiyohi,MN,24,R
Lexington,SC,220,R
Marion,GA,4,R
Benton,AR,160,R
Atchison,KS,12,R
Butler,PA,106,R
Beaverhead,MT,7,R
Aurora,SD,2,R
Clark,NV,1706,D
Moultrie,IL,2,R
Bristol,MA,386,D
Roosevelt,MT,5,R
Whitman,WA,41,D
Mower,MN,23,R
Cass,MO,51,R
Leon,TX,10,R
Culpeper,VA,28,R
Ringgold,IA,3,R
Carter,KY,18,R
Dougherty,GA,92,D
Miami,OH,78,R
Richland,OH,96,R
Pratt,KS,9,R
Carroll,IA,15,R
Twiggs,GA,1,R
Wayne,IL,5,R
Juniata,PA,10,R
Dawson,GA,17,R
Lake,IN,405,D
Kennebec,ME,81,R
Breckinridge,KY,3,R
Morgan,AL,99,R
Morgan,CO,11,R
Hennepin,MN,965,D
Washington,MS,37,D
Marshall,OK,9,R
Furnas,NE,2,R
Johnson,WY,7,R
Fulton,KY,3,R
Scott,AR,4,R
Spalding,GA,54,R
Darke,OH,29,R
Terrell,TX,1,R
Hancock,GA,7,D
Tallapoosa,AL,20,R
Douglas,NE,406,D
Greeley,NE,0,R
Caledonia,VT,19,D
Hamilton,KS,1,R
Columbia,NY,37,D
Butte,CA,149,R
Burnet,TX,28,R
Livingston,KY,4,R
Hemphill,TX,3,R
Boone,KY,120,R
Madison,MT,1,R
Wythe,VA,22,R
Owen,IN,7,R
Randolph,AL,9,R
Gratiot,MI,23,R
Radford,VA,10,D
Manatee,FL,180,R
Knox,NE,1,R
Beaver,PA,102,R
Obion,TN,18,R
McHenry,IL,214,R
Ionia,MI,26,R
Nemaha,NE,4,R
Clackamas,OR,236,D
Warren,VA,23,R
Pike,MO,9,R
Desha,AR,9,D
Volusia,FL,269,R
Taylor,GA,6,R
Iosco,MI,19,R
Schleicher,TX,0,R
Reeves,TX,5,D
Sacramento,CA,1009,D
Scott,KS,5,R
Fulton,PA,5,R
Trumbull,OH,141,R
Jefferson,AR,56,D
Door,WI,23,R
Lincoln,OK,16,R
Choctaw,MS,4,R
Bartow,GA,58,R
Blaine,ID,23,D
Rock,NE,0,R
Archer,TX,4,R
Kent,DE,88,R
Norman,MN,1,R
Rockingham,NC,63,R
Casey,KY,3,R
Jackson,IA,5,R
Hoke,NC,13,D
Howell,MO,23,R
Dooly,GA,6,R
Lafayette,LA,223,R
Crawford,KS,20,R
Buffalo,SD,0,D
Davison,SD,17,R
Perry,AL,1,D
Muscatine,IA,34,R
Gem,ID,10,R
Union,IA,5,R
Chautauqua,KS,0,R
Wolfe,KY,2,R
Brown,TX,36,R
Bath,KY,5,R
Plymouth,IA,12,R
Sarpy,NE,117,R
Henrico,VA,269,D
Mora,NM,1,D
Grant,KS,5,R
Yates,NY,14,R
Willacy,TX,8,D
Ellsworth,KS,3,R
Ohio,KY,12,R
Menominee,MI,12,R
Ontonagon,MI,1,R
Miller,MO,15,R
Howard,AR,9,R
Jackson,MN,5,R
Iron,WI,4,R
Wilkinson,GA,1,R
Becker,MN,16,R
Lee,IL,13,R
Lincoln,WY,12,R
Harding,SD,0,R
Orange,NY,300,R
Cattaraugus,NY,49,R
Newton,MS,13,R
Sequoyah,OK,24,R
Calhoun,TX,14,R
Jones,IA,5,R
Edgar,IL,8,R
Hillsborough,FL,837,D
Lamar,GA,8,R
Adair,OK,9,R
Woodford,IL,19,R
Franklin,GA,15,R
Richmond,VA,2,R
Osage,KS,4,R
Hanover,VA,75,R
Warren,IN,0,R
Minidoka,ID,5,R
Caldwell,LA,4,R
Pinellas,FL,613,R
Oxford,ME,26,R
Carbon,UT,14,R
Missaukee,MI,5,R
Albemarle,VA,58,D
Laramie,WY,65,R
Harper,KS,3,R
Park,CO,5,R
Jackson,NC,29,R
Robertson,TX,9,R
Duval,FL,739,R
Bulloch,GA,56,R
Culberson,TX,2,D
York,ME,157,D
Colorado,TX,16,R
LaGrange,IN,8,R
Brown,WI,172,R
Lampasas,TX,10,R
Worth,MO,0,R
Sharp,AR,9,R
Campbell,KY,71,R
Bowie,TX,93,R
McKenzie,ND,1,R
Kiowa,OK,2,R
Haskell,KS,1,R
Tillman,OK,4,R
Taos,NM,26,D
Knox,TN,392,R
Pocahontas,WV,2,R
Scotland,MO,2,R
Creek,OK,37,R
McDuffie,GA,15,R
McLeod,MN,24,R
Dawson,NE,17,R
Coryell,TX,32,R
McCook,SD,1,R
Toole,MT,2,R
Morgan,GA,15,R
Blount,AL,21,R
Ada,ID,307,R
Torrance,NM,7,R
Hampton,SC,12,D
Grady,OK,25,R
Shelby,IL,7,R
Hillsborough,NH,289,R
Macon,TN,13,R
Richmond,VA,177,D
Alpena,MI,21,R
Juab,UT,9,R
Dade,GA,8,R
Shelby,MO,1,R
Greenlee,AZ,2,R
Pike,PA,24,R
Richmond,NC,23,R
McCone,MT,2,R
Camden,NC,1,R
Benton,IN,5,R
Bayfield,WI,7,D
Madison,GA,10,R
Trempealeau,WI,14,R
Rankin,MS,124,R
Greene,NC,5,R
Jefferson,TN,28,R
Macon,GA,7,D
Boone,AR,23,R
Fayette,PA,81,R
Barton,MO,6,R
Butte,SD,6,R
Gilmer,WV,2,R
Sherburne,MN,45,R
Motley,TX,0,R
Dallas,AL,19,D
Grand,CO,16,R
Highlands,FL,40,R
Amelia,VA,4,R
Allegheny,PA,997,D
Beaver,UT,11,R
McHenry,ND,0,R
Houston,GA,125,R
Caswell,NC,6,R
Harlan,NE,3,R
Halifax,VA,25,R
Orange,FL,948,D
Howard,IA,3,R
Bay,MI,82,R
Norfolk,VA,238,D
Phelps,NE,9,R
Childress,TX,7,R
Covington,AL,24,R
Clinton,IN,21,R
Fulton,IL,20,R
Lake,OH,180,R
Platte,WY,5,R
Sequatchie,TN,12,R
Deuel,NE,1,R
Tyler,TX,9,R
Martin,IN,9,R
Lincoln,GA,3,R
Zapata,TX,6,D
Russell,KY,9,R
Leflore,MS,21,D
Hunt,TX,53,R
Henderson,TN,18,R
Bacon,GA,7,R
Toombs,GA,26,R
Franklin,MO,62,R
Shackelford,TX,2,R
Kleberg,TX,28,D
Benton,MS,0,R
Madison,ID,28,R
Hamilton,TN,317,R
Prowers,CO,10,R
Iroquois,IL,21,R
Oscoda,MI,5,R
Prairie,MT,0,R
Riley,KS,46,R
Belknap,NH,48,R
Knox,TX,1,R
Bedford,TN,24,R
Hardin,IL,0,R
Henry,AL,10,R
Umatilla,OR,40,R
Vermillion,IN,7,R
Hardee,FL,9,R
Martin,NC,17,R
Wayne,MO,5,R
Mahoning,OH,201,D
Perry,MO,11,R
Norton,KS,2,R
Smyth,VA,19,R
Decatur,TN,4,R
Custer,SD,4,R
King,TX,0,R
Carroll,IL,10,R
Leake,MS,12,R
Cobb,GA,603,D
Walthall,MS,8,R
O'Brien,IA,10,R
Penobscot,ME,93,R
Bland,VA,2,R
Rice,KS,7,R
Avery,NC,10,R
Barry,MO,15,R
Baltimore,MD,739,D
Ellis,OK,1,R
Traill,ND,7,R
Warren,OH,130,R
Abbeville,SC,9,R
Stonewall,TX,3,R
Bingham,ID,14,R
Vance,NC,28,D
Nicholas,WV,14,R
Chattooga,GA,10,R
Franklin,MS,4,R
Fulton,GA,1147,D
Pushmataha,OK,4,R
Faulk,SD,1,R
Phillips,AR,7,D
Clay,GA,0,D
Kent,TX,0,R
Bradford,FL,16,R
Morgan,OH,2,R
Lewis,MO,3,R
Delaware,PA,418,D
Austin,TX,15,R
Haskell,OK,4,R
Saline,AR,64,R
Polk,OR,42,R
Gloucester,VA,20,R
Mason,MI,19,R
Clinton,MO,6,R
Jasper,MO,96,R
Tehama,CA,34,R
Lexington,VA,10,D
Island,WA,30,D
Carbon,WY,7,R
Rockdale,GA,72,D
Antelope,NE,4,R
Gila,AZ,34,R
Wayne,NE,9,R
Fountain,IN,7,R
Lake,MI,2,R
Randolph,IN,8,R
Somerset,PA,30,R
Outagamie,WI,130,R
Park,WY,18,R
Jasper,IL,5,R
Meade,KY,11,R
Sebastian,AR,96,R
Barry,MI,19,R
Noble,IN,26,R
Letcher,KY,15,R
Wilson,TX,20,R
Sarasota,FL,184,R
Harris,GA,8,R
Bamberg,SC,11,D
Pope,IL,0,R
Benzie,MI,13,R
Mineral,CO,1,R
Calloway,KY,26,R
Wakulla,FL,10,R
Will,IL,477,D
Crosby,TX,1,R
Lee,VA,7,R
Wells,ND,3,R
Pine,MN,11,R
Pike,AR,5,R
Platte,MO,62,R
Comal,TX,84,R
Bailey,TX,4,R
Nacogdoches,TX,41,R
Racine,WI,105,R
Floyd,GA,75,R
Cedar,NE,1,R
Dinwiddie,VA,6,R
Nobles,MN,9,R
Jackson,SD,2,R
Morgan,IN,38,R
Bath,VA,1,R
Canyon,ID,109,R
Graves,KY,18,R
Knox,IN,25,R
Blanco,TX,9,R
Christian,IL,17,R
Jasper,GA,3,R
Grant,AR,6,R
Bannock,ID,63,R
Titus,TX,19,R
Carroll,VA,12,R
Tillamook,OR,12,R
Mesa,CO,91,R
Logan,OH,36,R
Johnston,OK,4,R
Wahkiakum,WA,2,R
Lawrence,MS,6,R
Searcy,AR,4,R
Fayette,IL,7,R
McLennan,TX,196,R
Lincoln,WV,5,R
Marshall,IA,22,R
Lawrence,PA,50,R
Laurens,SC,32,R
Jefferson,GA,11,D
DeKalb,GA,595,D
Bell,TX,219,R
Livingston,LA,72,R
Augusta,VA,27,R
Oneida,WI,27,R
Morrison,MN,18,R
Scott,IL,2,R
Humboldt,NV,11,R
Lumpkin,GA,27,R
Monona,IA,5,R
Kankakee,IL,77,R
Chenango,NY,26,R
Craig,OK,5,R
Washington,AR,157,R
Mecklenburg,NC,832,D
Tioga,NY,24,R
Greenwood,KS,1,R
Fentress,TN,10,R
York,PA,300,R
Marshall,IL,5,R
Neosho,KS,6,R
Sheridan,ND,0,R
Giles,VA,12,R
Tarrant,TX,1474,R
Norton,VA,12,R
Braxton,WV,8,R
Wayne,UT,2,R
Tuolumne,CA,29,R
Washington,NY,33,R
Vanderburgh,IN,161,R
Union,SD,7,R
Highland,OH,27,R
Autauga,AL,36,R
Brooks,GA,7,R
Greenbrier,WV,29,R
Delaware,IA,5,R
Refugio,TX,8,R
Lee,MS,80,R
Bottineau,ND,5,R
Cameron,LA,1,R
Shiawassee,MI,39,R
Chickasaw,IA,5,R
Cass,NE,10,R
Schuyler,IL,3,R
Chatham,NC,32,D
Liberty,FL,0,R
Nodaway,MO,12,R
Bradford,PA,30,R
Richmond,VA,2,D
Logan,WV,20,R
Putnam,GA,7,R
Oklahoma,OK,716,R
Catahoula,LA,5,R
Jackson,AL,29,R
Tolland,CT,67,D
Mono,CA,17,D
Fillmore,MN,7,R
Mayes,OK,30,R
Clark,ID,0,R
Leavenworth,KS,35,R
Berkeley,WV,66,R
Emmons,ND,2,R
Jefferson,NY,101,R
Harford,MD,165,R
Ashland,OH,31,R
Merced,CA,129,D
Kauai,HI,64,D
Amador,CA,14,R
Walker,GA,23,R
Corson,SD,0,R
Greene,MS,3,R
Geary,KS,26,R
Butler,OH,272,R
McCulloch,TX,8,R
Placer,CA,311,R
Hale,AL,7,D
Tazewell,VA,32,R
Beltrami,MN,23,R
Williams,ND,28,R
Sanders,MT,7,R
Monroe,FL,70,R
Otoe,NE,8,R
Jefferson,KY,658,D
Grant,WV,6,R
Juneau,WI,8,R
Chippewa,MN,7,R
Hinds,MS,230,D
Choctaw,OK,6,R
Niobrara,WY,3,R
Perry,KY,21,R
Bertie,NC,11,D
Beaver,OK,1,R
Buchanan,VA,9,R
Lawrence,KY,8,R
Rockingham,NH,273,R
Baker,GA,0,R
Barron,WI,29,R
Massac,IL,5,R
Washington,FL,17,R
Richmond,NY,316,R
Henry,TN,19,R
Jackson,KS,5,R
Stone,MO,14,R
Fulton,AR,4,R
Schuyler,NY,11,R
Monroe,IN,111,D
Grenada,MS,21,R
Griggs,ND,1,R
Grayson,KY,17,R
Charlevoix,MI,17,R
Ward,ND,48,R
Pocahontas,IA,3,R
Quitman,GA,0,R
Allen,KS,5,R
Onondaga,NY,428,D
Steele,MN,28,R
Stevens,WA,26,R
Wilcox,GA,2,R
Wayne,KY,12,R
Thurston,NE,3,R
Hancock,KY,3,R
Clatsop,OR,30,D
Hand,SD,1,R
Gaines,TX,12,R
Washington,LA,29,R
Fremont,IA,3,R
Panola,MS,20,R
Olmsted,MN,105,D
Carter,TN,33,R
Washington,OH,47,R
Lee,TX,11,R
Mercer,IL,5,R
Marion,OH,44,R
Montgomery,PA,657,D
Fulton,OH,25,R
Wright,MO,9,R
Grundy,IA,3,R
Poinsett,AR,17,R
Ottawa,OH,36,R
Seneca,NY,20,R
Chesapeake,VA,180,R
Oconee,GA,33,R
Dewey,SD,0,D
Stone,MS,14,R
Putnam,OH,22,R
Blair,PA,94,R
Kenton,KY,98,R
Adams,WA,13,R
Blackford,IN,5,R
Hendry,FL,22,R
Bourbon,KY,13,R
Robeson,NC,68,R
Carroll,MO,3,R
Pima,AZ,611,D
Kitsap,WA,159,D
Montezuma,CO,14,R
Ascension,LA,81,R
Washington,WI,75,R
Middlesex,VA,7,R
Alleghany,NC,4,R
DeKalb,MO,4,R
Russell,AL,44,D
Calhoun,MS,4,R
LaSalle,IL,69,R
Wilkinson,MS,4,D
Hettinger,ND,1,R
White,AR,60,R
Bollinger,MO,2,R
Collingsworth,TX,4,R
Trinity,TX,5,R
McDonald,MO,7,R
Moffat,CO,5,R
Saguache,CO,1,D
Humphreys,TN,17,R
Wasco,OR,18,R
Starr,TX,27,D
McPherson,KS,18,R
Bronx,NY,934,D
Brunswick,VA,3,D
Greene,TN,41,R
Sedgwick,CO,1,R
Audrain,MO,16,R
Clay,MN,32,R
Dundy,NE,1,R
Falls,TX,7,R
Pittsburg,OK,30,R
Plymouth,MA,306,D
Bosque,TX,10,R
Cullman,AL,53,R
Sherman,TX,1,R
Kane,UT,6,R
Humboldt,CA,92,D
Hughes,OK,8,R
Davidson,NC,88,R
Harrison,KY,10,R
Pondera,MT,2,R
Powell,KY,12,R
Plumas,CA,10,R
Bienville,LA,9,R
Dukes,MA,24,D
Potter,PA,5,R
Montgomery,GA,4,R
Berrien,MI,94,R
Hickman,TN,6,R
Cascade,MT,69,R
Okmulgee,OK,22,R
Duplin,NC,36,R
Midland,TX,117,R
Deuel,SD,2,R
Kittitas,WA,48,R
Mitchell,IA,4,R
Montgomery,IN,27,R
Warren,IA,21,R
Morgan,IL,22,R
Kent,MI,401,R
Talbot,GA,1,D
Lawrence,AL,16,R
Sullivan,TN,141,R
Barnwell,SC,14,R
Hardy,WV,7,R
Sherman,OR,1,R
Crisp,GA,18,R
Custer,ID,4,R
Routt,CO,25,D
Bonner,ID,24,R
Marshall,KS,5,R
Macoupin,IL,20,R
Putnam,MO,1,R
Neshoba,MS,18,R
Sussex,VA,6,D
Bedford,VA,20,R
McLean,KY,8,R
Izard,AR,3,R
Sullivan,PA,4,R
Jasper,SC,23,D
Modoc,CA,3,R
Plaquemines,LA,13,R
Morgan,KY,4,R
Lander,NV,2,R
Shenandoah,VA,23,R
Cass,IN,31,R
Williamsburg,VA,33,D
Richland,MT,10,R
Hubbard,MN,11,R
Carroll,NH,46,R
Gunnison,CO,14,D
Rooks,KS,3,R
Edwards,KS,1,R
Walton,FL,45,R
Sanilac,MI,15,R
Litchfield,CT,96,R
Burnett,WI,4,R
Cumberland,NC,276,D
McKinley,NM,50,D
Hamilton,OH,681,D
Kern,CA,550,R
Iowa,WI,10,D
Union,IN,4,R
York,SC,154,R
Butts,GA,12,R
Starke,IN,8,R
Linn,KS,2,R
Walker,TX,34,R
Mineral,WV,15,R
Freestone,TX,10,R
Forest,WI,3,R
Minnehaha,SD,153,R
Lincoln,WI,15,R
Adams,IL,32,R
Essex,NY,23,R
Huntington,IN,31,R
Payne,OK,63,R
Harrison,IN,19,R
Howard,MD,244,D
Sheridan,MT,1,R
Galveston,TX,229,R
Gray,TX,12,R
Nash,NC,73,R
Pamlico,NC,14,R
Tompkins,NY,74,D
Clay,FL,119,R
Gregory,SD,0,R
Lavaca,TX,9,R
Bastrop,TX,36,R
Brazos,TX,173,R
Hardin,TX,42,R
Vermilion,LA,20,R
Clarke,VA,6,R
Campbell,VA,42,R
Saline,IL,17,R
Knox,ME,30,D
Weston,WY,3,R
Lawrence,SD,23,R
Monroe,MI,85,R
Parker,TX,84,R
Amite,MS,3,R
Carroll,MD,114,R
Oceana,MI,12,R
Osceola,IA,2,R
Lancaster,NE,281,D
Kingsbury,SD,1,R
Shelby,KY,28,R
Crittenden,AR,34,D
Pawnee,NE,1,R
Kemper,MS,3,D
Fayette,IA,7,R
Wyoming,NY,24,R
Potter,TX,116,R
Uvalde,TX,19,R
Washington,UT,116,R
Gaston,NC,164,R
Harding,NM,0,R
Evangeline,LA,10,R
Franklin,MA,35,D
Fluvanna,VA,5,R
Pike,MS,31,R
Todd,KY,5,R
Sagadahoc,ME,20,D
Oneida,NY,162,R
Clare,MI,15,R
Florence,SC,97,R
Cheshire,NH,48,D
Allegan,MI,54,R
Chicot,AR,5,D
Jefferson,ID,11,R
Alfalfa,OK,2,R
Greer,OK,1,R
Linn,OR,62,R
Carbon,PA,35,R
Hancock,IL,10,R
Roberts,TX,0,R
Baca,CO,1,R
Randolph,IL,19,R
Hillsdale,MI,19,R
Clarke,GA,120,D
Jefferson,LA,373,R
Steuben,NY,46,R
Huntingdon,PA,19,R
Dimmit,TX,6,D
Phillips,CO,2,R
Scotland,NC,23,D
Echols,GA,0,R
Morehouse,LA,13,R
Whitley,IN,20,R
Rolette,ND,6,D
Stone,AR,10,R
Greenwood,SC,60,R
Roberts,SD,4,R
Cass,ND,115,R
Pembina,ND,1,R
Cowley,KS,16,R
Henry,MO,16,R
Calhoun,AL,103,R
Marshall,KY,21,R
Grayson,VA,3,R
Hughes,SD,9,R
Livingston,IL,20,R
Jasper,MS,4,D
Eddy,NM,37,R
Cole,MO,61,R
Cedar,IA,9,R
Clinton,IL,18,R
Codington,SD,19,R
Nottoway,VA,13,R
Hardin,OH,20,R
Perry,OH,20,R
Conecuh,AL,7,R
Alamosa,CO,14,D
Loup,NE,0,R
Staunton,VA,24,D
Ida,IA,2,R
Avoyelles,LA,16,R
Cherry,NE,5,R
Doniphan,KS,1,R
Norfolk,MA,471,D
Essex,VT,1,R
Jasper,IA,19,R
Medina,OH,118,R
Jasper,TX,23,R
Chattahoochee,GA,2,R
Cottle,TX,1,R
Lauderdale,AL,72,R
Morgan,WV,5,R
Botetourt,VA,19,R
Osceola,FL,185,D
Lawrence,IN,22,R
Lawrence,OH,38,R
Kimble,TX,4,R
Alexander,IL,0,R
Stewart,TN,6,R
Pulaski,VA,33,R
Washtenaw,MI,269,D
Harmon,OK,1,R
Pawnee,KS,3,R
Wabash,IL,10,R
Fergus,MT,7,R
McCracken,KY,70,R
Washington,KS,1,R
Alamance,NC,126,R
Wilbarger,TX,13,R
Union,NC,117,R
Saunders,NE,8,R
Mahnomen,MN,3,R
Lauderdale,TN,8,R
Dent,MO,6,R
Andrew,MO,4,R
Haywood,TN,10,D
Arapahoe,CO,457,D
Monroe,AL,9,R
Jefferson,IL,30,R
Davie,NC,29,R
Lewis,WA,48,R
Ellis,KS,32,R
Calvert,MD,55,R
Gordon,GA,35,R
McCurtain,OK,15,R
Grimes,TX,8,R
Mahaska,IA,9,R
Pulaski,MO,29,R
Union,NJ,366,D
Habersham,GA,30,R
Saratoga,NY,167,R
Shelby,TX,10,R
Hansford,TX,4,R
Crockett,TN,6,R
Monroe,TN,30,R
Lincoln,TN,21,R
Lake,MT,18,R
Marion,MO,19,R
Benton,MO,5,R
Erie,NY,770,D
Maries,MO,3,R
Gregg,TX,119,R
Stillwater,MT,3,R
Meade,SD,7,R
Coshocton,OH,21,R
Monroe,GA,13,R
Lamb,TX,6,R
Parmer,TX,1,R
Marion,IN,832,D
Elk,PA,17,R
Hudson,NJ,506,D
Rockcastle,KY,9,R
Gage,NE,15,R
Allen,OH,99,R
Isabella,MI,38,R
Freeborn,MN,23,R
Elko,NV,39,R
Cuyahoga,OH,1102,D
Lincoln,MS,28,R
Waukesha,WI,258,R
Wayne,NC,74,R
Swain,NC,17,R
Tattnall,GA,6,R
Walton,GA,50,R
Galax,VA,16,R
Tippah,MS,10,R
Russell,VA,15,R
Buncombe,NC,220,D
Steuben,IN,21,R
Webster,NE,1,R
Webster,IA,27,R
Macomb,MI,602,R
Daviess,MO,1,R
Catawba,NC,125,R
Wayne,NY,65,R
Barnstable,MA,216,D
Dallas,IA,41,R
Wayne,MS,13,R
Madison,AR,3,R
Calhoun,FL,7,R
Pope,MN,4,R
Monmouth,NJ,530,R
Rich,UT,7,R
Wasatch,UT,22,R
Rockingham,VA,27,R
Camden,NJ,344,D
Montour,PA,11,R
Marion,AR,5,R
Bladen,NC,26,R
Fairfield,OH,99,R
Clarke,AL,26,R
Attala,MS,10,R
Lamar,TX,35,R
Rappahannock,VA,2,R
Montgomery,TX,307,R
Barrow,GA,40,R
Green,WI,16,R
Mobile,AL,253,R
Foster,ND,4,R
LaMoure,ND,1,R
Columbia,OR,23,R
Escambia,AL,27,R
Allamakee,IA,3,R
Custer,CO,1,R
Lane,OR,294,D
Johnson,NE,2,R
Lake,TN,2,R
Charlotte,FL,74,R
Burlington,NJ,310,D
Johnson,AR,11,R
Lincoln,NV,1,R
Carroll,KY,13,R
Richmond,GA,158,D
Turner,GA,8,R
Rockland,NY,256,D
Washington,PA,135,R
Johnson,GA,6,R
Poweshiek,IA,9,R
Grant,ND,0,R
Saline,NE,7,R
Steele,ND,0,R
Putnam,IN,23,R
Benton,MN,14,R
Slope,ND,0,R
Rowan,KY,20,R
Rowan,NC,81,R
Anderson,SC,151,R
Aroostook,ME,50,R
Upson,GA,18,R
Karnes,TX,9,R
Dakota,MN,268,D
Cloud,KS,5,R
Adams,WI,12,R
Faulkner,AR,79,R
Watonwan,MN,6,R
Mercer,OH,26,R
Yavapai,AZ,128,R
Henry,IL,23,R
George,MS,12,R
Tulsa,OK,582,R
Orangeburg,SC,69,D
Union,TN,4,R
Tuscaloosa,AL,161,R
Harper,OK,1,R
Mason,WV,9,R
Faribault,MN,6,R
Buchanan,MO,71,R
Ohio,WV,45,R
Collier,FL,185,R
Lipscomb,TX,1,R
Herkimer,NY,50,R
Shelby,AL,141,R
Sawyer,WI,9,R
Sheridan,NE,5,R
Ballard,KY,4,R
Tuscarawas,OH,78,R
Treutlen,GA,3,R
Marshall,MN,2,R
Chester,PA,337,D
Josephine,OR,46,R
Mineral,NV,2,R
Piute,UT,2,R
Smith,TX,180,R
Swift,MN,7,R
Terry,TX,7,R
Johnson,KY,21,R
Spencer,KY,10,R
Custer,NE,3,R
Cottonwood,MN,4,R
Holt,MO,3,R
Grayson,TX,87,R
Douglas,CO,204,R
Winston,MS,13,R
Gilmer,GA,21,R
Dade,MO,3,R
Washington,MO,8,R
Chaves,NM,42,R
Clarion,PA,23,R
Hale,TX,19,R
Inyo,CA,14,R
Curry,NM,34,R
Washington,MN,129,D
Denver,CO,582,D
Marquette,WI,6,R
Ford,KS,16,R
Clermont,OH,132,R
Rock,MN,6,R
Putnam,WV,59,R
Trigg,KY,6,R
Hooker,NE,1,R
Tazewell,IL,109,R
Susquehanna,PA,17,R
Yadkin,NC,18,R
Wilson,TN,91,R
Butler,MO,31,R
Mercer,KY,12,R
Mason,TX,5,R
Greene,NY,39,R
Arlington,VA,237,D
Nevada,CA,62,D
Atchison,MO,2,R
Darlington,SC,35,R
Fulton,NY,41,R
Summers,WV,5,R
Chippewa,MI,22,R
Christian,KY,43,R
Cass,MI,14,R
Finney,KS,23,R
Pulaski,KY,43,R
Lucas,OH,373,D
Atlantic,NJ,208,D
Madison,TN,82,R
Hall,GA,111,R
Pepin,WI,5,R
Kenedy,TX,0,D
Yolo,CA,144,D
Calumet,WI,21,R
Delaware,OK,16,R
Cochise,AZ,61,R
Allen,IN,240,R
Sullivan,NY,57,R
Canadian,OK,80,R
Lebanon,PA,78,R
Adams,OH,15,R
Jackson,OR,153,R
Marion,SC,21,D
Camden,GA,35,R
Randolph,AR,8,R
Wayne,TN,4,R
Lincoln,OR,32,D
Panola,TX,5,R
Carroll,MS,0,R
Greene,AR,28,R
Laurens,GA,39,R
Ware,GA,29,R
Greene,OH,132,R
Stoddard,MO,15,R
Blount,TN,64,R
Delaware,IN,77,R
Columbiana,OH,76,R
Pontotoc,MS,17,R
Vermilion,IL,42,R
Wilcox,AL,5,D
Sumter,FL,27,R
Sheboygan,WI,68,R
Houston,AL,97,R
Rush,KS,2,R
Perry,AR,1,R
McKean,PA,28,R
Pecos,TX,8,R
Camden,MO,23,R
Pontotoc,OK,21,R
Franklin,TN,19,R
Bracken,KY,4,R
Siskiyou,CA,28,R
Meriwether,GA,10,R
Montmorency,MI,2,R
Hutchinson,TX,17,R
Hamilton,IL,3,R
Washburn,WI,5,R
Paulding,GA,63,R
Benton,WA,113,R
Poquoson,VA,10,R
Macon,IL,63,R
Lafayette,MS,43,R
Perkins,NE,0,R
Reynolds,MO,1,R
Kidder,ND,0,R
Livingston,MO,4,R
Esmeralda,NV,0,R
Yuma,CO,2,R
Carlisle,KY,2,R
Fleming,KY,5,R
Barbour,AL,22,R
Harney,OR,7,R
Grundy,IL,38,R
Calhoun,IL,1,R
Appomattox,VA,7,R
Muscogee,GA,195,D
Orleans,NY,18,R
Taylor,WV,9,R
Polk,MN,18,R
Howard,TX,28,R
Crook,OR,9,R
Paulding,OH,10,R
Garza,TX,5,R
Highland,VA,0,R
Holmes,MS,4,D
Champaign,IL,172,D
Southampton,VA,4,R
Wayne,MI,1270,D
Lee,AL,128,R
Ontario,NY,87,R
Bolivar,MS,18,D
Clark,MO,2,R
Cecil,MD,55,R
Marion,IA,19,R
Anson,NC,14,D
Hyde,NC,4,R
Osage,OK,21,R
Taney,MO,54,R
Clay,KS,4,R
Roanoke,VA,88,R
Porter,IN,111,R
Alleghany,VA,7,R
Cooke,TX,18,R
Day,SD,4,R
Chester,TN,9,R
Charles,MD,121,D
Uinta,WY,16,R
Callaway,MO,22,R
Lamar,AL,6,R
Yamhill,OR,47,R
Adams,IA,2,R
Tyrrell,NC,4,R
McDonough,IL,24,R
Oregon,MO,3,R
Aiken,SC,110,R
Madison,IA,3,R
Lynchburg,VA,81,R
Breathitt,KY,5,R
Kings,CA,87,R
Dakota,NE,13,R
Madera,CA,78,R
Platte,NE,23,R
Coke,TX,0,R
Noble,OK,6,R
Coleman,TX,6,R
Wichita,TX,97,R
Lewis,ID,4,R
Long,GA,3,R
Pacific,WA,12,R
Wilson,KS,5,R
Lewis,WV,18,R
Huron,OH,48,R
Arenac,MI,14,R
King,WA,1720,D
Ingham,MI,226,D
Granite,MT,3,R
Craven,NC,73,R
Switzerland,IN,5,R
Kendall,IL,71,R
Sampson,NC,33,R
Duval,TX,5,D
Coweta,GA,66,R
Caldwell,NC,52,R
Fresno,CA,599,D
Barbour,WV,7,R
Adams,IN,16,R
Harnett,NC,78,R
Mason,KY,13,R
Logan,CO,13,R
Webster,WV,1,R
Clay,AL,4,R
Northampton,PA,199,R
Sierra,NM,6,R
Floyd,IA,6,R
Bee,TX,16,R
Logan,ND,0,R
Graham,KS,2,R
Washington,RI,103,D
Worcester,MA,581,D
Cuming,NE,6,R
Atascosa,TX,22,R
Washington,CO,2,R
Musselshell,MT,0,R
Haakon,SD,1,R
Beauregard,LA,18,R
Grant,MN,1,R
Lincoln,CO,3,R
Dickens,TX,3,R
Transylvania,NC,18,R
Lawrence,AR,6,R
Lucas,IA,3,R
Monroe,IL,22,R
Wapello,IA,23,R
Otsego,NY,38,R
Yalobusha,MS,6,R
Hempstead,AR,11,R
Elk,KS,0,R
Otsego,MI,20,R
Philadelphia,PA,1365,D
Hardeman,TN,8,R
Stevens,KS,4,R
Lyon,KS,20,R
LaPorte,IN,70,R
Roanoke,VA,53,D
Logan,NE,0,R
Pike,OH,19,R
Martinsville,VA,23,D
Forest,PA,2,R
Ogemaw,MI,17,R
Green,WI,16,D
Mills,IA,2,R
Sweetwater,WY,33,R
Floyd,VA,4,R
Vigo,IN,93,R
Decatur,IA,5,R
Iredell,NC,141,R
Fannin,TX,13,R
Real,TX,2,R
Knox,OH,40,R
Pike,IN,5,R
Lynn,TX,3,R
Durham,NC,264,D
Orange,TX,64,R
Madison,NY,42,R
Talladega,AL,49,R
Kimball,NE,2,R
Curry,OR,15,R
Sierra,CA,1,R
Garfield,UT,14,R
Morton,ND,15,R
Sargent,ND,0,R
Morrow,OR,1,R
Stark,OH,316,R
Mingo,WV,6,R
Ocean,NJ,411,R
Bristol,RI,28,D
Mercer,MO,2,R
Perry,TN,4,R
Albany,NY,324,D
Henry,KY,8,R
Jackson,WV,22,R
Dallas,AR,3,R
Clay,SD,8,D
Floyd,TX,6,R
York,VA,50,R
Dale,AL,34,R
Eddy,ND,2,R
Bedford,VA,12,R
Roanoke,VA,53,R
Marion,TX,5,R
Conway,AR,7,R
Grant,IN,49,R
Weakley,TN,23,R
Teton,WY,23,D
Okaloosa,FL,149,R
Mariposa,CA,8,R
Benewah,ID,7,R
Cumberland,NJ,100,D
Chase,NE,1,R
Jackson,OK,17,R
Parke,IN,5,R
Washington,ME,19,R
Ripley,MO,7,R
Macon,MO,7,R
Kaufman,TX,70,R
Osceola,MI,11,R
Coffey,KS,6,R
Holt,NE,5,R
Columbia,AR,22,R
Loudoun,VA,261,D
Gwinnett,GA,673,D
Ottawa,OK,15,R
Moore,TX,11,R
Crawford,OH,33,R
Taliaferro,GA,0,D
Clay,KY,11,R
Whitfield,GA,82,R
Carver,MN,54,R
Burleson,TX,12,R
Somervell,TX,8,R
Clearwater,ID,3,R
Brule,SD,5,R
Warren,KY,92,R
Benson,ND,0,R
Murray,OK,10,R
Hardeman,TX,4,R
Bergen,NJ,762,D
Greenville,SC,406,R
Lenawee,MI,58,R
Langlade,WI,11,R
Franklin,WA,43,R
Halifax,NC,44,D
Pottawatomie,OK,62,R
Wheatland,MT,0,R
Itasca,MN,15,R
Stanislaus,CA,337,D
Hays,TX,131,R
Nelson,ND,1,R
Cass,IL,8,R
Appling,GA,13,R
Lincoln,ME,25,D
Newaygo,MI,28,R
Watauga,NC,39,D
Assumption,LA,4,R
Rapides,LA,101,R
Goliad,TX,3,R
Lincoln,MT,8,R
Warrick,IN,29,R
Monroe,AR,5,R
Foard,TX,2,R
Ouray,CO,6,D
Newton,IN,10,R
Riverside,CA,1426,D
Eaton,MI,76,R
Stephens,OK,27,R
Jackson,WI,13,R
Newberry,SC,21,R
Ouachita,LA,114,R
Alexandria,VA,126,D
Greeley,KS,0,R
Sumter,GA,21,D
Houston,TX,10,R
Pulaski,IL,2,R
Pickaway,OH,36,R
Snyder,PA,27,R
Elbert,GA,11,R
Wexford,MI,24,R
Iron,UT,34,R
Gooding,ID,7,R
Gray,KS,1,R
Baylor,TX,3,R
Fairfield,CT,659,D
Dunn,WI,21,R
Franklin,VA,11,R
Mellette,SD,0,R
Crawford,GA,1,R
Swisher,TX,1,R
Cleburne,AL,8,R
Polk,NE,2,R
Grant,LA,2,R
Hamilton,TX,7,R
Cayuga,NY,53,R
Divide,ND,1,R
Turner,SD,2,R
Macon,AL,9,D
Gove,KS,3,R
Middlesex,MA,1213,D
Adair,MO,20,R
Logan,KY,14,R
Butler,AL,17,R
Hunterdon,NJ,99,R
Elmore,ID,11,R
Schuylkill,PA,76,R
Hickman,KY,1,R
Roanoke,VA,88,D
Pawnee,OK,7,R
Bandera,TX,7,R
Banks,GA,14,R
Ashley,AR,15,R
Fillmore,NE,3,R
Lincoln,WA,9,R
Hampden,MA,293,D
Koochiching,MN,8,R
McDowell,NC,28,R
Lawrence,TN,23,R
Boone,MO,139,D
Polk,IA,334,D
Scott,MO,21,R
Vinton,OH,7,R
Gasconade,MO,11,R
Caroline,MD,16,R
Cherokee,SC,38,R
Cooper,MO,16,R
Malheur,OR,20,R
Douglas,WA,15,R
Collin,TX,741,R
Ransom,ND,3,R
Hancock,TN,1,R
Pike,AL,33,R
Crawford,IN,1,R
Brooks,TX,6,D
Scott,IN,19,R
Reno,KS,57,R
Wirt,WV,0,R
Dodge,WI,38,R
Beaufort,SC,105,R
Natchitoches,LA,17,R
Mecosta,MI,24,R
Ramsey,MN,371,D
Scott,KY,32,R
Crawford,WI,8,R
Nueces,TX,303,R
Raleigh,WV,47,R
Haralson,GA,19,R
Teller,CO,14,R
Jackson,CO,0,R
Jefferson,IA,11,R
Ogle,IL,29,R
Armstrong,TX,2,R
Rockwall,TX,70,R
Cassia,ID,19,R
Monroe,MS,20,R
Oconto,WI,16,R
Pulaski,GA,11,R
Elbert,CO,7,R
Waushara,WI,8,R
Montgomery,IL,20,R
Franklin,ME,15,R
Catron,NM,0,R
Franklin,IN,15,R
Salem,NJ,34,R
Washington,MD,110,R
Benton,IA,6,R
Cedar,MO,12,R
Colfax,NM,16,R
Richmond,VA,177,R
Wake,NC,848,D
Appanoose,IA,8,R
Conejos,CO,1,R
Atoka,OK,7,R
Harvey,KS,24,R
Spotsylvania,VA,88,R
Hodgeman,KS,1,R
Sullivan,MO,3,R
Jersey,IL,13,R
Sedgwick,KS,438,R
Chesterfield,VA,236,R
Christian,MO,42,R
Maverick,TX,30,D
Iron,MI,9,R
Jones,MS,50,R
Jasper,IN,21,R
Jackson,MO,487,D
Niagara,NY,134,R
Ellis,TX,97,R
Franklin,NC,25,R
Nye,NV,27,R
Acadia,LA,28,R
Fallon,MT,3,R
Wagoner,OK,31,R
Upton,TX,6,R
Harrison,MS,162,R
Alger,MI,5,R
Edmunds,SD,1,R
Bates,MO,9,R
Sabine,LA,10,R
Mitchell,TX,5,R
Union,SC,13,R
Denton,TX,494,R
Ohio,IN,2,R
Washita,OK,2,R
Douglas,GA,85,D
Kossuth,IA,10,R
Greene,VA,7,R
Clark,KS,1,R
Piatt,IL,6,R
Warren,MO,18,R
Erath,TX,34,R
Portsmouth,VA,79,D
Johnston,NC,116,R
Bledsoe,TN,0,R
McNairy,TN,17,R
Pendleton,WV,3,R
Florence,WI,2,R
Boise,ID,1,R
Patrick,VA,6,R
Cass,IA,9,R
Tucker,WV,6,R
Grainger,TN,4,R
Brown,KS,5,R
Worth,GA,7,R
Alcona,MI,4,R
Warren,PA,20,R
Fisher,TX,1,R
Wicomico,MD,82,R
Manitowoc,WI,34,R
Sumner,TN,96,R
Russell,KS,5,R
Jones,NC,3,R
Kay,OK,38,R
Thayer,NE,1,R
Menard,IL,2,R
Huron,MI,31,R
York,NE,14,R
Rusk,TX,30,R
Donley,TX,4,R
Westmoreland,PA,235,R
Cherokee,IA,9,R
Gloucester,NJ,171,R
Waller,TX,21,R
Pershing,NV,4,R
Winnebago,WI,92,R
Montgomery,TN,117,R
Brantley,GA,6,R
Livingston,NY,47,R
Yellowstone,MT,116,R
Hamblen,TN,52,R
Cumberland,IL,3,R
Douglas,MN,26,R
Prentiss,MS,16,R
Oldham,TX,3,R
Fayette,AL,9,R
Calhoun,SC,4,R
Erie,PA,185,R
Clark,IN,85,R
Cheatham,TN,19,R
Gillespie,TX,15,R
Jefferson,TX,178,R
Jones,SD,2,R
Republic,KS,2,R
Scurry,TX,21,R
Hernando,FL,82,R
Putnam,TN,61,R
Emporia,VA,10,D
Owsley,KY,1,R
Hawaii,HI,145,D
Brown,OH,25,R
Dare,NC,62,R
Henry,GA,152,D
Buchanan,IA,7,R
DeKalb,TN,6,R
Sheridan,WY,22,R
Jones,GA,7,R
Bullitt,KY,39,R
Lorain,OH,185,R
Gonzales,TX,14,R
Comanche,TX,6,R
Winchester,VA,46,D
Effingham,IL,34,R
Dubuque,IA,72,R
Todd,SD,1,D
Walworth,SD,7,R
Pierce,WA,539,D
Shawano,WI,16,R
Richland,IL,16,R
Person,NC,26,R
Camas,ID,2,R
Monroe,WI,22,R
Perry,PA,17,R
Nassau,FL,49,R
Greene,GA,7,R
Archuleta,CO,7,R
Glynn,GA,90,R
Franklin,AR,6,R
Grundy,MO,3,R
Caddo,OK,11,R
Clayton,GA,189,D
Ramsey,ND,11,R
Morris,KS,5,R
Waseca,MN,10,R
Polk,NC,9,R
Cimarron,OK,3,R
Victoria,TX,71,R
Taylor,KY,19,R
Idaho,ID,5,R
Grant,NM,22,D
Saluda,SC,5,R
Quay,NM,8,R
Gadsden,FL,19,D
Brookings,SD,20,R
Morrill,NE,7,R
McClain,OK,25,R
Yoakum,TX,7,R
Lancaster,SC,40,R
Teton,ID,5,R
Major,OK,2,R
Suwannee,FL,22,R
Lapeer,MI,36,R
Madison,MO,8,R
Hitchcock,NE,0,R
Monroe,KY,11,R
Fayette,KY,311,D
Harrison,MO,7,R
Dyer,TN,20,R
Hyde,SD,0,R
Grant,OR,5,R
Pueblo,CO,97,D
Buffalo,NE,42,R
Polk,TX,25,R
Sheridan,KS,1,R
Sandoval,NM,63,D
Peach,GA,19,R
Cumberland,ME,244,D
White,TN,18,R
Fayette,TN,11,R
Carroll,IN,13,R
Haskell,TX,3,R
Owyhee,ID,7,R
Centre,PA,98,D
Northampton,VA,13,D
Ozark,MO,1,R
Angelina,TX,64,R
Broomfield,CO,68,D
Cumberland,VA,0,R
Dawson,TX,13,R
Blaine,MT,2,R
Floyd,KY,26,R
Winneshiek,IA,8,R
Hanson,SD,0,R
Forsyth,NC,273,D
Bleckley,GA,5,R
Harrisonburg,VA,53,D
Anoka,MN,201,R
Morgan,UT,4,R
Chilton,AL,20,R
Ferry,WA,2,R
Montrose,CO,22,R
Maricopa,AZ,2781,R
Logan,IL,14,R
Jefferson,OK,2,R
Rosebud,MT,5,R
Carroll,OH,15,R
Garland,AR,85,R
Iron,MO,1,R
Crittenden,KY,6,R
Coconino,AZ,120,D
Sussex,NJ,75,R
Cortland,NY,42,R
Lincoln,AR,5,R
Kane,IL,325,D
Emery,UT,8,R
Lincoln,ID,0,R
Union,LA,6,R
Navarro,TX,32,R
Craig,VA,0,R
Washington,IL,10,R
Telfair,GA,7,R
Armstrong,PA,27,R
Boundary,ID,6,R
Wells,IN,13,R
Marshall,MS,13,D
Athens,OH,59,D
Powhatan,VA,6,R
Kearny,KS,2,R
Klamath,OR,36,R
Ouachita,AR,16,R
Carter,MO,3,R
Walsh,ND,3,R
Kinney,TX,1,R
Stearns,MN,104,R
Jefferson,IN,19,R
Burke,NC,57,R
Moore,NC,67,R
Hampton,VA,111,D
McIntosh,ND,1,R
Sanborn,SD,1,R
Harris,TX,3125,D
Churchill,NV,17,R
Georgetown,SC,37,R
Shannon,MO,1,R
Elkhart,IN,138,R
Caldwell,TX,21,R
Colusa,CA,9,R
Martin,TX,1,R
Chester,SC,16,R
Harrison,IA,7,R
Barnes,ND,8,R
Hampshire,MA,99,D
Scott,MS,17,R
Seminole,OK,16,R
Jay,IN,9,R
Schenectady,NY,122,D
Fairfield,SC,5,D
Hart,GA,12,R
Mackinac,MI,17,R
Sublette,WY,3,R
Loving,TX,0,R
Pierce,WI,22,R
Cumberland,TN,34,R
Northampton,NC,6,D
Colfax,NE,4,R
Cherokee,KS,11,R
Pike,GA,4,R
Hancock,IA,3,R
Coles,IL,39,R
McPherson,SD,0,R
Randolph,MO,13,R
McDowell,WV,8,R
Fayette,TX,20,R
Marshall,AL,71,R
Andrews,TX,10,R
Monongalia,WV,97,R
Stephens,TX,8,R
Louisa,VA,9,R
Kiowa,KS,0,R
Newton,AR,1,R
Dickinson,MI,19,R
Madison,KY,63,R
Dickinson,KS,11,R
Montgomery,AL,210,D
Daviess,IN,19,R
Dane,WI,419,D
Page,IA,8,R
Johnson,IL,5,R
Valley,NE,3,R
Williamson,IL,42,R
Garvin,OK,17,R
Bristol,VA,31,R
Wabasha,MN,10,R
Greene,IN,22,R
Lyon,KY,3,R
Dunklin,MO,14,R
Berkshire,MA,118,D
Union,PA,23,R
Blaine,NE,0,R
Marion,AL,17,R
Adair,IA,3,R
Sterling,TX,2,R
Otero,CO,11,R
Orleans,VT,12,D
Marshall,IN,43,R
Keweenaw,MI,0,R
Clarendon,SC,15,D
Renville,ND,2,R
Richland,SC,334,D
Luzerne,PA,207,R
Tipton,TN,25,R
Taylor,IA,0,R
Wheeler,NE,0,R
Bradley,TN,74,R
Jerome,ID,10,R
Clay,NC,6,R
Washington,VA,33,R
Baxter,AR,32,R
Houghton,MI,23,R
Yuba,CA,29,R
Johnson,KS,415,R
Belmont,OH,54,R
Ness,KS,2,R
Glades,FL,2,R
Oakland,MI,1002,D
Roosevelt,NM,8,R
Preston,WV,10,R
Larue,KY,8,R
Newton,TX,1,R
Oldham,KY,33,R
Edgefield,SC,5,R
Kent,RI,146,R
Grant,OK,0,R
Lake,CA,33,D
Lyman,SD,2,R
Benton,OR,59,D
Morris,NJ,413,R
Murray,MN,3,R
Louisa,IA,3,R
Franklin,IA,5,R
Perquimans,NC,6,R
Passaic,NJ,331,D
Dallas,TX,2067,D
Lafayette,FL,2,R
Rusk,WI,6,R
Roane,TN,34,R
Lee,SC,9,D
Graham,AZ,16,R
Todd,MN,6,R
Jefferson,WA,18,D
Miller,GA,1,R
Limestone,AL,51,R
Montgomery,KY,17,R
Columbia,FL,40,R
Millard,UT,12,R
Campbell,SD,1,R
Adams,MS,30,D
Miami,IN,22,R
Pike,KY,47,R
Champaign,OH,19,R
Carteret,NC,61,R
Trego,KS,3,R
Holmes,OH,14,R
Livingston,MI,97,R
Suffolk,MA,745,D
Jackson,TN,2,R
Saline,KS,55,R
Overton,TN,11,R
Clark,KY,32,R
Treasure,MT,0,R
Shelby,TN,681,D
Horry,SC,290,R
Putnam,IL,0,R
Elliott,KY,2,R
Dixon,NE,0,R
Genesee,NY,38,R
Middlesex,NJ,655,D
Presidio,TX,6,D
Ward,TX,6,R
McIntosh,GA,10,R
Coal,OK,1,R
Stafford,KS,0,R
Lawrence,IL,6,R
Terrell,GA,6,D
Clay,IL,8,R
Knox,MO,0,R
Borden,TX,0,R
Hopewell,VA,19,D
Seward,KS,11,R
Cotton,OK,2,R
Lancaster,VA,10,R
Alcorn,MS,27,R
Newton,MO,27,R
Cross,AR,12,R
Chambers,AL,26,R
Dunn,ND,1,R
Monroe,PA,106,D
Marshall,SD,2,R
Davis,IA,4,R
Tulare,CA,228,R
Guadalupe,TX,71,R
Clark,IL,15,R
Thomas,GA,37,R
Franklin,VA,26,D
Hertford,NC,18,D
Colleton,SC,23,R
Dodge,GA,13,R
Wise,TX,36,R
Winona,MN,34,R
Barton,KS,19,R
Jennings,IN,11,R
Guernsey,OH,38,R
Hancock,MS,30,R
Rutherford,NC,39,R
Colquitt,GA,26,R
Robertson,TN,49,R
Dawson,MT,5,R
Chaffee,CO,17,R
Wabaunsee,KS,2,R
Essex,MA,576,D
Bedford,PA,18,R
Menominee,WI,1,D
Brevard,FL,343,R
Allendale,SC,2,D
Douglas,OR,68,R
Warren,TN,24,R
Douglas,IL,17,R
Asotin,WA,10,R
Frederick,MD,172,R
Wharton,TX,32,R
Marquette,MI,52,D
Concordia,LA,14,R
Goochland,VA,7,R
Lee,NC,46,R
Bourbon,KS,9,R
Grant,WI,22,R
Banner,NE,0,R
Ravalli,MT,17,R
Screven,GA,5,R
Warren,GA,1,D
Putnam,FL,28,R
Cavalier,ND,2,R
Hancock,WV,25,R
Dillon,SC,27,D
Knox,IL,39,R
Chowan,NC,10,R
Allegany,MD,62,R
Comanche,OK,92,R
Butte,ID,2,R
Mohave,AZ,114,R
Forrest,MS,76,R
Nuckolls,NE,2,R
Weld,CO,149,R
Beadle,SD,10,R
Hamilton,IN,219,R
Davidson,TN,625,D
Lake,FL,141,R
Teton,MT,0,R
Atkinson,GA,4,R
Thurston,WA,167,D
Perry,IN,14,R
Cameron,PA,1,R
Cherokee,AL,15,R
Latah,ID,29,D
Linn,IA,160,D
Woodbury,IA,95,R
Washington,ID,6,R
Knox,KY,19,R
Lafourche,LA,51,R
Marlboro,SC,10,D
Travis,TX,892,D
Simpson,MS,19,R
Texas,OK,8,R
Etowah,AL,79,R
Haywood,NC,38,R
Henderson,TX,57,R
Franklin,KS,15,R
Montgomery,OH,477,R
McMullen,TX,0,R
Estill,KY,8,R
Wayne,PA,22,R
Douglas,WI,22,D
Martin,FL,103,R
Aitkin,MN,9,R
Geauga,OH,58,R
Martin,MN,14,R
Jackson,FL,27,R
Madison,FL,9,R
Ector,TX,108,R
Crook,WY,6,R
Leelanau,MI,13,R
Traverse,MN,2,R
Upshur,TX,18,R
Marion,WV,43,R
Fairfax,VA,86,D
Sharkey,MS,3,D
Monroe,OH,6,R
Douglas,NV,35,R
Salem,VA,30,R
Mercer,WV,35,R
Pottawatomie,KS,11,R
Custer,MT,8,R
Monroe,WV,0,R
Sutton,TX,4,R
Essex,NJ,552,D
Ozaukee,WI,53,R
Montcalm,MI,23,R
Gallatin,IL,0,R
Jackson,AR,9,R
Chariton,MO,1,R
Chemung,NY,62,R
McIntosh,OK,8,R
Grafton,NH,77,D
Scott,IA,127,D
Antrim,MI,13,R
Adams,PA,73,R
Accomack,VA,18,R
Seminole,FL,307,R
Hart,KY,6,R
McLean,ND,1,R
Summit,OH,444,D
Kosciusko,IN,54,R
Meeker,MN,11,R
Worcester,MD,83,R
Oglethorpe,GA,4,R
Windham,CT,62,R
Williamson,TN,160,R
Jackson,IN,34,R
Sac,IA,2,R
Natrona,WY,53,R
Trinity,CA,10,R
Madison,MS,100,R
Suffolk,NY,1314,R
Carbon,MT,8,R
Shasta,CA,125,R
DeKalb,IN,27,R
Shawnee,KS,142,R
Lamar,MS,57,R
Nolan,TX,13,R
Clay,AR,9,R
Carter,OK,30,R
Duchesne,UT,12,R
Chase,KS,0,R
Milwaukee,WI,615,D
Flagler,FL,37,R
Lane,KS,1,R
Lehigh,PA,246,D
Colbert,AL,52,R
Woodford,KY,13,R
Pendleton,KY,6,R
Scott,VA,10,R
Saginaw,MI,141,R
Hawkins,TN,24,R
Cook,IL,4381,D
Edmonson,KY,3,R
Jackson,LA,9,R
Rabun,GA,17,R
Putnam,NY,73,R
Lowndes,GA,109,R
Fayette,WV,19,R
Menifee,KY,1,R
Lincoln,NE,25,R
Adams,ID,1,R
Garfield,MT,0,R
Onslow,NC,152,R
Delta,MI,26,R
Baker,OR,9,R
Franklin,VA,11,D
Cleburne,AR,16,R
Lonoke,AR,38,R
Nicollet,MN,19,R
Danville,VA,55,D
Fauquier,VA,55,R
Spokane,WA,341,R
Young,TX,18,R
Claiborne,LA,9,R
Franklin,VA,26,R
Hinsdale,CO,0,R
Meigs,TN,2,R
Grady,GA,16,R
Mathews,VA,5,R
Brooke,WV,16,R
Nevada,AR,3,R
Oktibbeha,MS,35,D
Wallowa,OR,4,R
Sioux,ND,1,D
Greene,IL,4,R
Garfield,WA,0,R
Lincoln,MO,18,R
Lancaster,PA,326,R
Woods,OK,8,R
Hidalgo,TX,363,D
Magoffin,KY,8,R
Jefferson,WV,35,R
Fayette,IN,23,R
Miller,AR,24,R
Audubon,IA,1,R
Campbell,TN,27,R
Pope,AR,52,R
Arthur,NE,0,R
Somerset,ME,22,R
Chippewa,WI,35,R
Kanabec,MN,4,R
Campbell,WY,33,R
Miami,KS,15,R
Cochran,TX,0,R
Washington,OK,39,R
Bryan,GA,27,R
Washington,NC,8,D
Dickey,ND,2,R
Clay,TX,4,R
Cumberland,PA,169,R
Edgecombe,NC,25,D
Jefferson,CO,424,D
Dickinson,IA,18,R
Franklin,FL,5,R
Baraga,MI,7,R
Johnson,MO,33,R
Hamilton,FL,7,R
Union,IL,13,R
Oswego,NY,94,R
Polk,FL,290,R
Washoe,NV,332,D
Woodward,OK,13,R
Claiborne,MS,5,D
Washington,KY,7,R
Sevier,TN,97,R
Petersburg,VA,34,D
Richardson,NE,5,R
Dallam,TX,6,R
Surry,NC,61,R
Mississippi,AR,32,R
Madison,OH,22,R
Skagit,WA,77,D
Skamania,WA,4,R
Johnson,IN,125,R
Allen,KY,9,R
Bremer,IA,13,R
Jefferson,PA,25,R
Concho,TX,3,R
Lyon,NV,19,R
Vernon,LA,22,R
Wilkes,GA,4,R
Winn,LA,8,R
Bucks,PA,472,D
Reagan,TX,1,R
Lewis,TN,10,R
Cleveland,OK,224,R
Midland,MI,54,R
Hamlin,SD,0,R
DeSoto,FL,11,R
Fairfax,VA,911,D
Jackson,IL,36,D
Ottawa,MI,152,R
Gogebic,MI,10,R
Imperial,CA,101,D
Washington,IA,10,R
Coffee,GA,29,R
Menard,TX,1,R
Pasco,FL,190,R
Vernon,MO,12,R
Hockley,TX,16,R
Posey,IN,10,R
Flathead,MT,68,R
Pitkin,CO,19,D
Hayes,NE,0,R
Monterey,CA,252,D
Pierce,ND,3,R
Sutter,CA,64,R
Delaware,OH,166,R
Muskegon,MI,121,D
Clearwater,MN,2,R
Marshall,WV,20,R
Webster,MO,19,R
Dauphin,PA,219,D
Coffee,TN,38,R
Tripp,SD,3,R
Clinton,PA,17,R
Upshur,WV,14,R
Clark,AR,19,R
Meagher,MT,1,R
Woodson,KS,2,R
Dodge,NE,25,R
Taylor,WI,6,R
Okeechobee,FL,17,R
Bowman,ND,4,R
Dutchess,NY,244,R
Morris,TX,9,R
Towns,GA,7,R
Linn,MO,6,R
Randolph,WV,14,R
Stevens,MN,5,R
Ford,IL,6,R
Park,MT,12,R
Dixie,FL,8,R
Sunflower,MS,12,D
Phillips,MT,2,R
Mills,TX,2,R
Dickson,TN,40,R
Somerset,MD,11,R
Geneva,AL,10,R
Llano,TX,19,R
Chelan,WA,53,R
Pickens,AL,8,R
Hamilton,NY,4,R
Marin,CA,185,D
Madison,TX,17,R
Currituck,NC,21,R
Warren,IL,8,R
Calcasieu,LA,165,R
Marshall,TN,19,R
Stokes,NC,24,R
Lunenburg,VA,2,R
Luce,MI,2,R
Summit,CO,48,D
Brown,IN,4,R
Alachua,FL,193,D
Clay,IA,20,R
Cibola,NM,14,D
Baker,FL,16,R
Yell,AR,9,R
Waynesboro,VA,27,R
Polk,AR,8,R
Clayton,IA,13,R
Montgomery,NC,18,R
Chickasaw,MS,8,R
Graham,NC,5,R
Wayne,IA,1,R
Clay,MS,11,D
Candler,GA,12,R
Cheyenne,KS,1,R
Boone,WV,7,R
Pemiscot,MO,6,R
Iberia,LA,42,R
Greene,AL,1,D
Alexander,NC,16,R
Oliver,ND,0,R
Windham,VT,38,D
Covington,MS,11,R
Rutherford,TN,202,R
Potter,SD,2,R
Berkeley,SC,105,R
Bureau,IL,12,R
Adair,KY,6,R
Taylor,TX,123,R
Jewell,KS,2,R
Ross,OH,53,R
Cheyenne,CO,0,R
Marinette,WI,26,R
Medina,TX,28,R
Washington,TX,26,R
Wise,VA,26,R
Albany,WY,27,R
Burke,ND,2,R
Talbot,MD,36,R
Prairie,AR,1,R
Sully,SD,0,R
Cache,UT,88,R
Kings,NY,1994,D
Manistee,MI,9,R
Weber,UT,145,R
Whatcom,WA,124,D
Providence,RI,470,D
Crowley,CO,0,R
Kingman,KS,3,R
Polk,MO,13,R
Labette,KS,10,R
Hall,NE,49,R
Yankton,SD,18,R
Iberville,LA,12,D
Chittenden,VT,120,D
Marathon,WI,78,R
Carroll,AR,15,R
Bartholomew,IN,71,R
Henderson,NC,60,R
Chouteau,MT,1,R
Giles,TN,19,R
Newton,GA,59,D
Smith,TN,9,R
Monroe,IA,3,R
Thomas,NE,0,R
DeSoto,MS,130,R
Meade,KS,2,R
Auglaize,OH,34,R
Comanche,KS,1,R
Covington,VA,10,R
Lowndes,AL,0,D
Calaveras,CA,29,R
Jefferson,MS,2,D
Defiance,OH,27,R
Warren,NC,11,D
Schoolcraft,MI,7,R
Jefferson,WI,42,R
Summit,UT,39,D
Solano,CA,280,D
Webster,KY,5,R
Harrison,TX,36,R
Maui,HI,123,D
Polk,TN,5,R
Humphreys,MS,3,D
Vilas,WI,16,R
